,rmse_1,mae_1,rmse_2,mae_2,rmse_3,mae_3
0,0.8097691012801538,0.6280157485874622,111.0,111.0,111.0,111.0
1,0.809118891001471,0.6276024781857473,111.0,111.0,111.0,111.0
2,0.808794721238246,0.6271714179355917,111.0,111.0,111.0,111.0
3,0.8096560105329562,0.6278378363081123,111.0,111.0,111.0,111.0
