,rmse_1,mae_1,rmse_2,mae_2,rmse_3,mae_3
0,0.9431921115517623,0.7251232849752226,0.9476850776728714,0.7347627367169756,1.3141629327193816,1.0011919405107563
1,0.9425073563883953,0.724669598266878,0.9468150979297593,0.7335967173718481,1.3192694134523062,1.0041012456792868
2,0.9464293610865961,0.7281678067071927,0.9451451987580308,0.7324680554895557,1.3138630691849023,1.001079675593215
3,0.9427153057390522,0.7250313770261426,0.948143497176536,0.7356459570774887,1.3100441119237942,0.997469684447397
